.gitattributes
.gitignore
CHECK_ON_RELEASE
COPYING
Changelog
Dependencies
INSTALL
INSTALL_CUSTOM
README.md
README.txt
Util/1stReadMe.txt
Util/ControlModel.svg
Util/MakeSplash.sh
Util/YoshimiSplash.svg
Util/incbuildnumber.py
Util/midiListGen.cpp
Util/splashdefault.png
Util/switch_time.cpp
Util/update_guide_version.py
Yoshimi_Helpers
banks/Arpeggios/.bankdir
banks/Arpeggios/0001-Arpeggio1.xiz
banks/Arpeggios/0002-Arpeggio2.xiz
banks/Arpeggios/0003-Arpeggio3.xiz
banks/Arpeggios/0004-Arpeggio4.xiz
banks/Arpeggios/0005-Arpeggio5.xiz
banks/Arpeggios/0006-Arpeggio6.xiz
banks/Arpeggios/0007-Arpeggio7.xiz
banks/Arpeggios/0008-Arpeggio8.xiz
banks/Arpeggios/0009-Arpeggio9.xiz
banks/Arpeggios/0010-Arpeggio10.xiz
banks/Arpeggios/0011-Arpeggio11.xiz
banks/Arpeggios/0033-Sequence1.xiz
banks/Arpeggios/0034-Sequence2.xiz
banks/Arpeggios/0036-Echoed Synth.xiz
banks/Arpeggios/0037-Echo FX.xiz
banks/Arpeggios/0039-Soft Arpeggio1.xiz
banks/Arpeggios/0040-Soft Arpeggio2.xiz
banks/Arpeggios/0041-Soft Arpeggio3.xiz
banks/Arpeggios/0042-Soft Arpeggio4.xiz
banks/Arpeggios/0043-Soft Arpeggio5.xiz
banks/Arpeggios/0065-Hyper Organ1.xiz
banks/Arpeggios/0066-Hyper Arpeggio.xiz
banks/Arpeggios/0068-Glass Arpeggio1.xiz
banks/Arpeggios/0069-Glass Arpeggio2.xiz
banks/Bass/.bankdir
banks/Bass/0001-Bass 1.xiz
banks/Bass/0002-Bass 2.xiz
banks/Bass/0003-Bass 3 _analog_.xiz
banks/Bass/0004-Bass 4.xiz
banks/Bass/0005-Bass 5.xiz
banks/Bass/0006-Analogue Bass.xiz
banks/Bass/0033-Wah Bass.xiz
banks/Bass/0035-FM Bass 1.xiz
banks/Bass/0036-FM Bass 2.xiz
banks/Bass/0065-upright bass.xiz
banks/Bass/0067-electric bass.xiz
banks/Brass/.bankdir
banks/Brass/0001-FM Thrumpet.xiz
banks/Brass/0003-Synth Brazz 1.xiz
banks/Brass/0004-Synth Brazz 2.xiz
banks/Brass/0005-Synth Brass 3.xiz
banks/Brass/0006-Synth Brass 4.xiz
banks/Brass/0007-Synth Brass 5.xiz
banks/Brass/0009-Wah Brass.xiz
banks/Brass/0010-Solo Synth1.xiz
banks/Brass/0011-Brazz 1.xiz
banks/Brass/0012-Brazz 2.xiz
banks/Brass/0033-Analog Brass 1.xiz
banks/Brass/0034-Analog Brass 2.xiz
banks/Brass/0035-Analog Brass 3.xiz
banks/Brass/0036-Analog Brass 4.xiz
banks/Brass/0065-Simple Brass.xiz
banks/Brass/0066-Fat Brass.xiz
banks/Brass/0067-Brass Pad1.xiz
banks/Brass/0068-Brass Pad2.xiz
banks/Choir_and_Voice/.bankdir
banks/Choir_and_Voice/0001-AHH Choir 1.xiz
banks/Choir_and_Voice/0002-AHH Choir 2.xiz
banks/Choir_and_Voice/0003-EHH Choir 1.xiz
banks/Choir_and_Voice/0004-Voice OOH.xiz
banks/Choir_and_Voice/0005-Choir Pad1.xiz
banks/Choir_and_Voice/0006-Choir Pad2.xiz
banks/Choir_and_Voice/0007-Choir Pad3.xiz
banks/Choir_and_Voice/0008-Choir Pad4.xiz
banks/Choir_and_Voice/0009-Choir Pad5.xiz
banks/Choir_and_Voice/0010-Choir Pad6.xiz
banks/Choir_and_Voice/0033-Choir.xiz
banks/Choir_and_Voice/0034-Slow Morph Choir.xiz
banks/Choir_and_Voice/0035-Wah Choir.xiz
banks/Choir_and_Voice/0036-Eooooo.xiz
banks/Choir_and_Voice/0037-Voiced Synth.xiz
banks/Choir_and_Voice/0039-Ohh Choir.xiz
banks/Choir_and_Voice/0065-Vocal Morph 1.xiz
banks/Choir_and_Voice/0066-Vocal Morph 2.xiz
banks/Choir_and_Voice/0067-Vocal Morph 3.xiz
banks/Choir_and_Voice/0068-Vocal Morph 4.xiz
banks/Choir_and_Voice/0069-Vocal Morph 5.xiz
banks/Choir_and_Voice/0070-Vocal Morph 6.xiz
banks/Choir_and_Voice/0071-Vocal Morph 7.xiz
banks/Choir_and_Voice/0097-Dooo.xiz
banks/Cormi_Sound/.bankdir
banks/Cormi_Sound/0001-Bassoon.xiz
banks/Cormi_Sound/0002-Bassoon2.xiz
banks/Cormi_Sound/0003-Bassoon3.xiz
banks/Cormi_Sound/0004-Volo.xiz
banks/Cormi_Sound/0006-Arpeggio 01.xiz
banks/Cormi_Sound/0007-Arpeggio 02.xiz
banks/Cormi_Sound/0008-Arpeggio 03.xiz
banks/Cormi_Sound/0009-Glass Arpeggio2.xiz
banks/Cormi_Sound/0011-abracadabra.xiz
banks/Cormi_Sound/0012-Ghost Whistle.xiz
banks/Cormi_Sound/0013-Spazio1.xiz
banks/Cormi_Sound/0014-Spazio2.xiz
banks/Cormi_Sound/0015-Space Synth.xiz
banks/Cormi_Sound/0016-SpaceAtmo.xiz
banks/Cormi_Sound/0017-friendly sines.xiz
banks/Cormi_Sound/0019-Acquoso_1.xiz
banks/Cormi_Sound/0020-Acquoso_5.xiz
banks/Cormi_Sound/0021-Acquoso_6.xiz
banks/Cormi_Sound/0023-Fagotto_01.xiz
banks/Cormi_Sound/0024-Fagotto_02.xiz
banks/Cormi_Sound/0025-Fagotto_03.xiz
banks/Cormi_Sound/0027-Delicato_01.xiz
banks/Cormi_Sound/0028-Delicato_02.xiz
banks/Cormi_Sound/0029-Delicato_03.xiz
banks/Cormi_Sound/0031-Wah_dolce_1.xiz
banks/Cormi_Sound/0032-Wah_dolce_2.xiz
banks/Cormi_Sound/0033-Long Space Choir 2.xiz
banks/Cormi_Sound/0034-Choir Pad4.xiz
banks/Cormi_Sound/0035-Ancient_Echos.xiz
banks/Cormi_Sound/0036-Campane.xiz
banks/Cormi_Sound/0037-Chorus.xiz
banks/Cormi_Sound/0038-HellVoice.xiz
banks/Cormi_Sound/0039-Chorus2.xiz
banks/Cormi_Sound/0041-DarkNight.xiz
banks/Cormi_Sound/0042-LightDawn.xiz
banks/Cormi_Sound/0043-Fiiuu.xiz
banks/Cormi_Sound/0045-Spazio_profondo1.xiz
banks/Cormi_Sound/0046-Spazio_Profondo2.xiz
banks/Cormi_Sound/0047-Spazio_Profondo3.xiz
banks/Cormi_Sound/0049-DolcePiano_01.xiz
banks/Cormi_Sound/0050-DolcePiano_02.xiz
banks/Cormi_Sound/0051-DolcePiano_03.xiz
banks/Cormi_Sound/0053-Ding_01.xiz
banks/Cormi_Sound/0054-Ding_02.xiz
banks/Cormi_Sound/0056-Senza_tempo.xiz
banks/Cormi_Sound/0057-Senza_tempo_2.xiz
banks/Cormi_Sound/0058-Senza_tempo_3.xiz
banks/Cormi_Sound/0059-Senza_tempo_4.xiz
banks/Cormi_Sound/0060-Senza_tempo_5.xiz
banks/Cormi_Sound/0062-Sospirato_01.xiz
banks/Cormi_Sound/0063-Sospirato_02.xiz
banks/Cormi_Sound/0064-Sospirato_03.xiz
banks/Cormi_Sound/0065-Synth_Piano_3.xiz
banks/Cormi_Sound/0066-Synth_Piano_2.xiz
banks/Cormi_Sound/0068-Piano.xiz
banks/Cormi_Sound/0069-Pianola.xiz
banks/Cormi_Sound/0070-clavicembalo.xiz
banks/Cormi_Sound/0072-Zufolo_1.xiz
banks/Cormi_Sound/0073-Zufolo_2.xiz
banks/Cormi_Sound/0074-Zufolo_3.xiz
banks/Cormi_Sound/0075-Zufolo_4.xiz
banks/Cormi_Sound/0076-Pinkollo.xiz
banks/Cormi_Sound/0078-Tremulo_01.xiz
banks/Cormi_Sound/0079-Tremulo_02.xiz
banks/Cormi_Sound/0081-Organetto_01.xiz
banks/Cormi_Sound/0082-Organetto_02.xiz
banks/Cormi_Sound/0084-Organo_01.xiz
banks/Cormi_Sound/0085-Organo_02.xiz
banks/Cormi_Sound/0086-Organo_03.xiz
banks/Cormi_Sound/0087-Harp_3.xiz
banks/Cormi_Sound/0088-Harp4.xiz
banks/Cormi_Sound/0090-Dolcino_01.xiz
banks/Cormi_Sound/0091-Dolcino_02.xiz
banks/Cormi_Sound/0092-Dolcino_03.xiz
banks/Cormi_Sound/0093-Dolcino_04.xiz
banks/Cormi_Sound/0095-Accordian.xiz
banks/Cormi_Sound/0096-padNice.xiz
banks/Cormi_Sound/0097-k.xiz
banks/Cormi_Sound/0098-z.xiz
banks/Cormi_Sound/0099-a.xiz
banks/Cormi_Sound/0100-Steel Rhodes.xiz
banks/Cormi_Sound/0101-Sweet_Night.xiz
banks/Cormi_Sound/0102-Sweet_Night 2.xiz
banks/Cormi_Sound/0103-Gocce.xiz
banks/Cormi_Sound/0104-Ice Rhodes2.xiz
banks/Cormi_Sound/0105-Voluttuoso.xiz
banks/Cormi_Sound/0106-Entropia.xiz
banks/Cormi_Sound/0108-Arcano.xiz
banks/Cormi_Sound/0109-Arcano2.xiz
banks/Cormi_Sound/0110-Arcano3.xiz
banks/Cormi_Sound/0112-Glass_01.xiz
banks/Cormi_Sound/0113-Glass_02a.xiz
banks/Cormi_Sound/0114-Glass_02b.xiz
banks/Cormi_Sound/0115-Glass_03.xiz
banks/Cormi_Sound/0116-Glass_04.xiz
banks/Cormi_Sound/0119-Arcadia_1.xiz
banks/Cormi_Sound/0120-Arcadia_2.xiz
banks/Cormi_Sound/0121-Arcadia_3.xiz
banks/Cormi_Sound/0122-Arcadia_4.xiz
banks/Cormi_Sound/0124-Armonica.xiz
banks/Cormi_Sound/0125-Fanfara.xiz
banks/Cormi_Sound/0126-Polvere.xiz
banks/Cormi_Sound/0127-Comb Filter.xiz
banks/Cormi_Sound/0128-Synth Pad 5.xiz
banks/Cormi_Sound/0129-Bello.xiz
banks/Cormi_Sound/0130-abbellimento.xiz
banks/Cormi_Sound/0131-Carino.xiz
banks/Cormi_Sound/0132-Cigno.xiz
banks/Cormi_Sound/0133-fluido.xiz
banks/Cormi_Sound/0136-Romantico.xiz
banks/Cormi_Sound/0137-Romantico2.xiz
banks/Cormi_Sound/0138-romanticone.xiz
banks/Cormi_Sound/0139-Emptyness3.xiz
banks/Cormi_Sound/0140-Foglie.xiz
banks/Cormi_Sound/0142-Solitudine.xiz
banks/Cormi_Sound/0144-Inquietudine.xiz
banks/Cormi_Sound/0145-c.xiz
banks/Cormi_Sound/0146-Ancestrale.xiz
banks/Cormi_Sound/0147-Attesa.xiz
banks/Cormi_Sound/0148-vento.xiz
banks/Cormi_Sound/0149-pioggia.xiz
banks/Cormi_Sound/0150-nebbia.xiz
banks/Cormi_Sound/0151-Memory.xiz
banks/Cormi_Sound/0152-Memory2.xiz
banks/Cormi_Sound/0153-Memory3.xiz
banks/Cormi_Sound/0155-contorno.xiz
banks/Cormi_Sound/0156-fantasia.xiz
banks/Cormi_Sound/0157-nostalgia.xiz
banks/Cormi_Sound/0158-patetico.xiz
banks/Cormi_Sound/0159-Destino.xiz
banks/Drums/.bankdir
banks/Drums/0001-Drums Kit1.xiz
banks/Drums/0002-subliminal-kit.xiz
banks/Drums/0004-Natural Drum Kit.xiz
banks/Drums/0005-Natural Snare - variable deca.xiz
banks/Drums/0006-HiHat closed - variable decay.xiz
banks/Drums/0011-Drums 1 LHR.xiz
banks/Drums/0017-Soft Kick.xiz
banks/Drums/0018-Tuned Bass Drum.xiz
banks/Drums/0040-Crash Full 2.xiz
banks/Drums/0067-rimshot low.xiz
banks/Drums/0068-rimshot.xiy
banks/Drums/0069-rimshot lite.xiy
banks/Drums/0072-Ride Crash Mod 1.xiz
banks/Drums/0097-Stick Hit.xiz
banks/Drums/0098-Wood Block.xiz
banks/Drums/0099-Finger Snap.xiz
banks/Drums/0100-Tom Toms.xiy
banks/Drums/0100-Tom Toms.xiz
banks/Drums/0103-Ride.xiz
banks/Drums/0104-Ride Crash.xiz
banks/Drums/0105-Soft Shaker.xiz
banks/Drums/0106-Gritty Shaker.xiz
banks/Drums/0123-Hugh's Kit.xiy
banks/Drums/0123-Hugh's Kit.xiz
banks/Drums/0126-Drum Kit2.xiz
banks/Drums/0128-Moor Drums.xiz
banks/Dual/.bankdir
banks/Dual/0001-Layered1.xiz
banks/Dual/0002-Layered2.xiz
banks/Dual/0005-Organ and Saw.xiz
banks/Dual/0007-Organ Choir Pad1.xiz
banks/Dual/0008-Organ Choir Pad2.xiz
banks/Dual/0033-Rhodes Strings1.xiz
banks/Dual/0034-Rhodes Strings2.xiz
banks/Dual/0035-Rhodes Strings3.xiz
banks/Dual/0036-Rhodes Strings4.xiz
banks/Dual/0065-Dream of the Saw.xiz
banks/Fantasy/.bankdir
banks/Fantasy/0001-Emptyness1.xiz
banks/Fantasy/0002-Emptyness2.xiz
banks/Fantasy/0003-Space Synth.xiz
banks/Fantasy/0004-Weird Pad.xiz
banks/Fantasy/0006-Space SynthBrass.xiz
banks/Fantasy/0008-Space Voice1.xiz
banks/Fantasy/0009-Space Voice2.xiz
banks/Fantasy/0010-Space Voice3.xiz
banks/Fantasy/0011-Space Choir1.xiz
banks/Fantasy/0012-Space Choir2.xiz
banks/Fantasy/0014-Glass Voices.xiz
banks/Fantasy/0015-Strange Voice.xiz
banks/Fantasy/0033-ImpossibleDream1.xiz
banks/Fantasy/0034-ImpossibleDream2.xiz
banks/Fantasy/0035-ImpossibleDream3.xiz
banks/Fantasy/0036-ImpossibleDream4.xiz
banks/Fantasy/0037-ImpossibleDream5.xiz
banks/Fantasy/0040-Delayed Echo.xiz
banks/Fantasy/0041-Fade Down Echo.xiz
banks/Fantasy/0042-Rhodes Space1.xiz
banks/Fantasy/0043-Rhodes Space2.xiz
banks/Fantasy/0065-Long SpaceChoir1.xiz
banks/Fantasy/0066-Long SpaceChoir2.xiz
banks/Guitar/.bankdir
banks/Guitar/0001-Dist Guitar 1.xiz
banks/Guitar/0002-Dist Guitar 2.xiz
banks/Guitar/0003-Dist Guitar 3.xiz
banks/Guitar/0004-Dist Guitar 4.xiz
banks/Guitar/0005-Dist Guitar 5.xiz
banks/Guitar/0007-Dist Guitar 6.xiy
banks/Guitar/0007-Dist Guitar 6.xiz
banks/Guitar/0033-Trash Guitar 1.xiz
banks/Guitar/0034-Trash Guitar 2.xiz
banks/Guitar/0035-Short.xiz
banks/Guitar/0045-acoustic guitar.xiz
banks/Guitar/0046-electric guitar.xiz
banks/Guitar/0047-folk guitar.xiz
banks/Guitar/0048-resonator.xiz
banks/Guitar/0049-resonator 2.xiz
banks/Guitar/0065-Clean Guitar1.xiz
banks/Guitar/0066-Electric Guitar.xiz
banks/Guitar/0078-electric 2.xiz
banks/Guitar/0097-Space Guitar.xiz
banks/Guitar/0103-Twang.xiy
banks/Guitar/0103-Twang.xiz
banks/Guitar/0104-Twang 2.xiy
banks/Guitar/0104-Twang 2.xiz
banks/Misc/.bankdir
banks/Misc/0001-Memories.xiz
banks/Misc/0002-Bells 1.xiz
banks/Misc/0003-Bells 2.xiz
banks/Misc/0004-Bells 3.xiz
banks/Misc/0005-Bells 4.xiz
banks/Misc/0033-Trash Synth 1.xiz
banks/Misc/0034-Trash Synth 2.xiz
banks/Misc/0035-Trash Synth 3.xiz
banks/Misc/0036-Trash Synth 4.xiz
banks/Misc/0065-SuperSaw 1.xiz
banks/Misc/0066-SuperSaw 2.xiz
banks/Misc/0067-SuperSaw 3.xiz
banks/Misc/0068-SuperSaw 4.xiz
banks/Misc/0069-SuperSaw 5.xiz
banks/Misc/0070-SuperSaw 6.xiz
banks/Misc/0097-Tubular Bells.xiy
banks/Misc/0097-Tubular Bells.xiz
banks/Noises/.bankdir
banks/Noises/0001-Synth Effect.xiz
banks/Noises/0002-Ioioioioioi.xiz
banks/Noises/0003-Noise1.xiz
banks/Noises/0004-Noise2.xiz
banks/Noises/0006-Wind.xiz
banks/Noises/0010-Slow Wind.xiz
banks/Noises/0033-Metal Sound 1.xiz
banks/Noises/0034-Metal Sound 2.xiz
banks/Noises/0035-Metal Sound 3.xiz
banks/Noises/0037-Metal Sound 4.xiz
banks/Noises/0038-Metal Sound 5.xiz
banks/Noises/0065-Short noise.xiz
banks/Noises/0097-Frogs.xiz
banks/Noises/0101-Explosion.xiz
banks/Noises/0102-Explosion Canyon.xiz
banks/Organ/.bankdir
banks/Organ/0001-Organ 1.xiz
banks/Organ/0002-Organ 2.xiz
banks/Organ/0003-Organ 3.xiz
banks/Organ/0004-Organ 4.xiz
banks/Organ/0005-Organ 5.xiz
banks/Organ/0006-Organ 6.xiz
banks/Organ/0007-Organ 7.xiz
banks/Organ/0008-Organ 8.xiz
banks/Organ/0009-Organ 9.xiz
banks/Organ/0010-Organ 10.xiz
banks/Organ/0011-Organ 11.xiz
banks/Organ/0012-Organ 12.xiz
banks/Organ/0033-Cathedral Organ1.xiz
banks/Organ/0034-Cathedral Organ2.xiz
banks/Organ/0035-Cathedral Organ3.xiz
banks/Organ/0037-Church Organ 1.xiz
banks/Organ/0038-Church Organ 2.xiz
banks/Organ/0039-Church Organ 3.xiz
banks/Organ/0040-Church Organ 4.xiz
banks/Organ/0041-Church Organ Soft.xiz
banks/Organ/0065-Nice Organ 1.xiz
banks/Organ/0066-Nice Organ 2.xiz
banks/Organ/0067-Sub Organ.xiz
banks/Organ/0068-Square Organ.xiz
banks/Organ/0069-Soft Organ 1.xiz
banks/Organ/0070-Soft Organ 2.xiz
banks/Organ/0071-Synth Organ.xiz
banks/Organ/0072-Fantasy Organ.xiz
banks/Organ/0077-True Drawbars.xiz
banks/Organ/0097-Accordion Pad 1.xiz
banks/Organ/0098-Accordion Pad 2.xiz
banks/Organ/0099-Synth Accordion1.xiz
banks/Organ/0100-Synth Accordion2.xiz
banks/Organ/0101-Accordion 1.xiz
banks/Pads/.bankdir
banks/Pads/0001-Sine Pad.xiz
banks/Pads/0002-sin2x  pad.xiz
banks/Pads/0003-Analog Pad 1.xiz
banks/Pads/0004-Analog Pad 2.xiz
banks/Pads/0005-Square Pad 1.xiz
banks/Pads/0006-Square Pad 2.xiz
banks/Pads/0008-Resonance Pad1.xiz
banks/Pads/0009-Resonance Pad2.xiz
banks/Pads/0033-Synth Pad 1.xiz
banks/Pads/0034-Synth Pad 2.xiz
banks/Pads/0035-Synth Pad 3.xiz
banks/Pads/0036-Synth Pad 4.xiz
banks/Pads/0037-Synth Pad 5.xiz
banks/Pads/0065-Soft Pad.xiz
banks/Pads/0066-Flanged Pad 1.xiz
banks/Pads/0097-Bell Pad.xiz
banks/Plucked/.bankdir
banks/Plucked/0001-Plucked 1.xiz
banks/Plucked/0002-Plucked 2.xiz
banks/Plucked/0003-Plucked 3.xiz
banks/Plucked/0004-Plucked 4.xiz
banks/Plucked/0005-Plucked 5.xiz
banks/Plucked/0006-Plucked 6.xiz
banks/Plucked/0033-Plucked String1.xiz
banks/Plucked/0034-Plucked String2.xiz
banks/Plucked/0036-Plucked Wah.xiz
banks/Plucked/0065-Plucked Pad1.xiz
banks/Reed_and_Wind/.bankdir
banks/Reed_and_Wind/0001-Flute 1.xiz
banks/Reed_and_Wind/0002-Flute 2.xiz
banks/Reed_and_Wind/0003-Flute 3.xiz
banks/Reed_and_Wind/0005-FM Reed.xiz
banks/Reed_and_Wind/0006-Clarinet.xiz
banks/Reed_and_Wind/0007-Breathy1.xiz
banks/Reed_and_Wind/0033-Reed 1.xiz
banks/Reed_and_Wind/0034-Reed 2.xiz
banks/Reed_and_Wind/0035-Reed 3.xiz
banks/Reed_and_Wind/0036-Reed 4.xiz
banks/Reed_and_Wind/0037-Reed 5.xiz
banks/Reed_and_Wind/0038-Reed 6.xiz
banks/Reed_and_Wind/0039-Reed 7.xiz
banks/Reed_and_Wind/0040-Reed 8.xiz
banks/Reed_and_Wind/0065-Fat Reed1.xiz
banks/Reed_and_Wind/0066-Fat Reed2.xiz
banks/Reed_and_Wind/0067-Fat Reed3 square.xiz
banks/Reed_and_Wind/0068-Chorused Flute.xiz
banks/Reed_and_Wind/0071-Dooo Flute.xiy
banks/Reed_and_Wind/0071-Dooo Flute.xiz
banks/Rhodes/.bankdir
banks/Rhodes/0001-DX Rhodes 1.xiz
banks/Rhodes/0002-DX Rhodes 2.xiz
banks/Rhodes/0003-DX Rhodes 3.xiz
banks/Rhodes/0004-DX Rhodes 4.xiz
banks/Rhodes/0005-DX Rhodes 5.xiz
banks/Rhodes/0007-Dig Rhodes.xiz
banks/Rhodes/0008-Synth Rhodes1.xiz
banks/Rhodes/0009-Synth Rhodes2.xiz
banks/Rhodes/0010-Synth Rhodes3.xiz
banks/Rhodes/0012-Ice Rhodes1.xiz
banks/Rhodes/0013-Ice Rhodes2.xiz
banks/Rhodes/0014-Ice Rhodes3.xiz
banks/Rhodes/0033-FM Rhodes 1.xiz
banks/Rhodes/0034-FM Rhodes 2.xiz
banks/Rhodes/0035-FM Rhodes 3.xiz
banks/Rhodes/0036-FM Rhodes 4.xiz
banks/Rhodes/0037-FM Rhodes 5.xiz
banks/Rhodes/0038-FM Rhodes 6.xiz
banks/Rhodes/0041-Soft Rhodes.xiz
banks/Rhodes/0042-Hard Rhodes1.xiz
banks/Rhodes/0043-Hard Rhodes2.xiz
banks/Rhodes/0044-Echo Rhodes.xiz
banks/Rhodes/0045-A long time ago.xiz
banks/Rhodes/0065-Steel Rhodes.xiz
banks/Rhodes/0067-RhodesPad1.xiz
banks/Rhodes/0068-RhodesPad2.xiz
banks/Splited/.bankdir
banks/Splited/0001-Strings and Reed1.xiz
banks/Splited/0002-Strings and Reed2.xiz
banks/Splited/0003-Strings and Flute.xiz
banks/Splited/0033-Choir and Reed.xiz
banks/Strings/.bankdir
banks/Strings/0001-Saw Strings 1.xiz
banks/Strings/0002-Saw Strings 2.xiz
banks/Strings/0003-Saw Strings 3.xiz
banks/Strings/0004-Saw Strings 4.xiz
banks/Strings/0005-Saw Strings 5.xiz
banks/Strings/0006-Saw Strings 6.xiz
banks/Strings/0007-Saw Strings 7.xiz
banks/Strings/0008-Saw Strings 8.xiz
banks/Strings/0010-Strings Pad1.xiz
banks/Strings/0011-Strings Pad2.xiz
banks/Strings/0012-Strings Pad3.xiz
banks/Strings/0013-Strings Pad4.xiz
banks/Strings/0014-Strings Pad5.xiz
banks/Strings/0015-Strings Pad6.xiz
banks/Strings/0016-Sweep Pad 1.xiz
banks/Strings/0017-Sweep Pad 1 Fat.xiz
banks/Strings/0018-Sweep Pad 2.xiz
banks/Strings/0019-Sweep Pad 3Wah.xiz
banks/Strings/0020-Sweep Pad 4.xiz
banks/Strings/0033-Strings1.xiz
banks/Strings/0034-Dark Strings.xiz
banks/Strings/0035-Octave Pad.xiz
banks/Strings/0036-Fast Attack.xiz
banks/Strings/0038-Fat Saw.xiz
banks/Strings/0041-Saw 1.xiz
banks/Strings/0042-Saw 2.xiz
banks/Strings/0043-Saw 3.xiz
banks/Strings/0044-Saw Pad.xiz
banks/Strings/0045-Soft Saw Pad.xiz
banks/Strings/0046-Echoed Saw.xiz
banks/Strings/0047-Vibratto Saw1.xiz
banks/Strings/0048-Wah1.xiz
banks/Strings/0050-Synth Violin 1.xiz
banks/Strings/0051-Synth Violin 2 Fat.xiz
banks/Strings/0065-Simple Strings.xiz
banks/Strings/0066-Dual Strings.xiz
banks/Strings/0067-Dual Strings Oct1.xiz
banks/Strings/0068-Dual Strings Oct2.xiz
banks/Strings/0073-Morph Strings1.xiz
banks/Strings/0077-stringish.xiz
banks/Strings/0097-Smooth Strings.xiy
banks/Strings/0097-Smooth Strings.xiz
banks/Strings/0098-Antique Strings.xiy
banks/Strings/0098-Antique Strings.xiz
banks/Synth/.bankdir
banks/Synth/0001-Soft Synth 1.xiz
banks/Synth/0002-Soft Synth 2.xiz
banks/Synth/0004-Pulse Pad 1.xiz
banks/Synth/0005-Pulse Pad 2.xiz
banks/Synth/0006-Pulse Pad 3.xiz
banks/Synth/0007-Analog Filter 1.xiz
banks/Synth/0008-Analog Filter 2.xiz
banks/Synth/0033-Phased Pad 1.xiz
banks/Synth/0034-Phased Pad 2.xiz
banks/Synth/0035-Phased Pad 3.xiz
banks/Synth/0037-Resonance Synth.xiz
banks/Synth/0039-Multi-phase synth.xiz
banks/Synth/0065-Computer Lead1.xiz
banks/Synth/0066-Computer Lead2.xiz
banks/Synth/0067-Detuned Harmonic.xiz
banks/Synth/0070-Solo Synth 1.xiz
banks/Synth/0097-FM Synth.xiz
banks/Synth/0100-Dungeon Lead.xiy
banks/Synth/0100-Dungeon Lead.xiz
banks/Synth/0103-Shepard Synth.xiy
banks/Synth/0103-Shepard Synth.xiz
banks/Synth/0105-Nostalgia.xiy
banks/Synth/0105-Nostalgia.xiz
banks/SynthPiano/.bankdir
banks/SynthPiano/0001-Soft Piano 1.xiz
banks/SynthPiano/0002-Soft Piano 2.xiz
banks/SynthPiano/0004-Fantasy Bell.xiz
banks/SynthPiano/0005-Synth Piano1.xiz
banks/SynthPiano/0006-Synth Piano2.xiz
banks/SynthPiano/0007-Termollo1.xiz
banks/SynthPiano/0008-Termollo2.xiz
banks/SynthPiano/0009-Termollo3.xiz
banks/SynthPiano/0011-Drop1.xiz
banks/SynthPiano/0012-Drop2.xiz
banks/SynthPiano/0033-Analog Piano 1.xiz
banks/SynthPiano/0034-Analog Piano 2.xiz
banks/SynthPiano/0035-Analog Piano 3.xiz
banks/SynthPiano/0037-FM Synth1.xiz
banks/SynthPiano/0039-BinaryPiano1.xiz
banks/SynthPiano/0040-BinaryPiano2.xiz
banks/SynthPiano/0043-Saw Piano 1.xiz
banks/SynthPiano/0065-Synth Piano 1.xiz
banks/SynthPiano/0066-Synth Piano 2.xiz
banks/SynthPiano/0067-Synth Piano 3.xiz
banks/SynthPiano/0068-Synth Piano 3 fat.xiz
banks/SynthPiano/0069-Synth Piano 3 det.xiz
banks/SynthPiano/0070-Synth Piano 4.xiz
banks/SynthPiano/0071-Synth Piano 5.xiz
banks/The_Mysterious_Bank/.bankdir
banks/The_Mysterious_Bank/0001-percussive_lead.xiz
banks/The_Mysterious_Bank/0002-heavy_funky.xiz
banks/The_Mysterious_Bank/0003-funky_lead.xiz
banks/The_Mysterious_Bank/0004-funky_lead_2.xiz
banks/The_Mysterious_Bank/0005-delay_lead.xiz
banks/The_Mysterious_Bank/0006-old_lead.xiz
banks/The_Mysterious_Bank/0007-8bit_evolved.xiz
banks/The_Mysterious_Bank/0008-pulse_bell.xiz
banks/The_Mysterious_Bank/0009-vangelis_bell.xiz
banks/The_Mysterious_Bank/0010-simple_bell.xiz
banks/The_Mysterious_Bank/0011-dreaming_bells.xiz
banks/The_Mysterious_Bank/0012-fantastic_bell.xiz
banks/The_Mysterious_Bank/0013-outerspace_bell.xiz
banks/The_Mysterious_Bank/0014-fantasy_bell.xiz
banks/The_Mysterious_Bank/0015-mystic_bell.xiz
banks/The_Mysterious_Bank/0016-pulse_bell_2.xiz
banks/The_Mysterious_Bank/0017-sine_bell.xiz
banks/The_Mysterious_Bank/0018-synth_bell.xiz
banks/The_Mysterious_Bank/0020-popcorn.xiz
banks/The_Mysterious_Bank/0021-popcorn_2.xiz
banks/The_Mysterious_Bank/0022-china_synth.xiz
banks/The_Mysterious_Bank/0023-weird.xiz
banks/The_Mysterious_Bank/0025-church_organ.xiz
banks/The_Mysterious_Bank/0026-60s_organ.xiz
banks/The_Mysterious_Bank/0027-metronomy_organ.xiz
banks/The_Mysterious_Bank/0028-hard_organ.xiz
banks/The_Mysterious_Bank/0029-cool_organ.xiz
banks/The_Mysterious_Bank/0030-cool_organ 2.xiz
banks/The_Mysterious_Bank/0031-cool_organ_3.xiz
banks/The_Mysterious_Bank/0032-rock_organ.xiz
banks/The_Mysterious_Bank/0033-organ.xiz
banks/The_Mysterious_Bank/0034-organ_2.xiz
banks/The_Mysterious_Bank/0035-organ_3.xiz
banks/The_Mysterious_Bank/0036-organ_4.xiz
banks/The_Mysterious_Bank/0037-organ_5.xiz
banks/The_Mysterious_Bank/0038-space_organ.xiz
banks/The_Mysterious_Bank/0039-space_organ_2.xiz
banks/The_Mysterious_Bank/0041-8bit_love.xiz
banks/The_Mysterious_Bank/0042-80s_pad.xiz
banks/The_Mysterious_Bank/0043-analog_strings.xiz
banks/The_Mysterious_Bank/0044-smooth_strings.xiz
banks/The_Mysterious_Bank/0045-synth_strings.xiz
banks/The_Mysterious_Bank/0046-synth_strings_2.xiz
banks/The_Mysterious_Bank/0047-strings_pad_1.xiz
banks/The_Mysterious_Bank/0048-strings_pad_2.xiz
banks/The_Mysterious_Bank/0049-strings_pad_3.xiz
banks/The_Mysterious_Bank/0050-soft_pad.xiz
banks/The_Mysterious_Bank/0051-trance_pad.xiz
banks/The_Mysterious_Bank/0052-another_planet.xiz
banks/The_Mysterious_Bank/0053-another_galaxy.xiz
banks/The_Mysterious_Bank/0054-another_space.xiz
banks/The_Mysterious_Bank/0055-will_in_space.xiz
banks/The_Mysterious_Bank/0056-in_space.xiz
banks/The_Mysterious_Bank/0057-near_saturnus.xiz
banks/The_Mysterious_Bank/0058-echoes.xiz
banks/The_Mysterious_Bank/0059-far_far_away.xiz
banks/The_Mysterious_Bank/0060-not_so_far.xiz
banks/The_Mysterious_Bank/0061-lost.xiz
banks/The_Mysterious_Bank/0062-somewhere.xiz
banks/The_Mysterious_Bank/0063-chip_pad.xiz
banks/The_Mysterious_Bank/0064-gauss_pad.xiz
banks/The_Mysterious_Bank/0065-bell_pad.xiz
banks/The_Mysterious_Bank/0066-sines.xiz
banks/The_Mysterious_Bank/0067-res_strings_pad.xiz
banks/The_Mysterious_Bank/0068-sine_pad_1.xiz
banks/The_Mysterious_Bank/0069-sine_pad_2.xiz
banks/The_Mysterious_Bank/0070-sine_pad_3.xiz
banks/The_Mysterious_Bank/0071-sine_pad_4.xiz
banks/The_Mysterious_Bank/0072-sine_pad_5.xiz
banks/The_Mysterious_Bank/0073-sine_pad_6.xiz
banks/The_Mysterious_Bank/0074-violent_pad.xiz
banks/The_Mysterious_Bank/0075-violent_pad_2.xiz
banks/The_Mysterious_Bank/0076-compad.xiz
banks/The_Mysterious_Bank/0077-hoover.xiz
banks/The_Mysterious_Bank/0078-old_pad.xiz
banks/The_Mysterious_Bank/0079-supersaw.xiz
banks/The_Mysterious_Bank/0080-supersaw_2.xiz
banks/The_Mysterious_Bank/0081-supersaw_3.xiz
banks/The_Mysterious_Bank/0082-supersaw_4.xiz
banks/The_Mysterious_Bank/0083-good_pad.xiz
banks/The_Mysterious_Bank/0084-synth_pad.xiz
banks/The_Mysterious_Bank/0087-bass.xiz
banks/The_Mysterious_Bank/0088-bass_2.xiz
banks/The_Mysterious_Bank/0089-bass_pad.xiz
banks/The_Mysterious_Bank/0090-bass_pad_fat.xiz
banks/The_Mysterious_Bank/0091-depeche_mode.xiz
banks/The_Mysterious_Bank/0092-dubstep_bass.xiz
banks/The_Mysterious_Bank/0093-fat_bass.xiz
banks/The_Mysterious_Bank/0094-fingered_bass.xiz
banks/The_Mysterious_Bank/0095-fm_bass.xiz
banks/The_Mysterious_Bank/0096-hard_bass.xiz
banks/The_Mysterious_Bank/0097-powerful_bass.xiz
banks/The_Mysterious_Bank/0098-doublebass.xiz
banks/The_Mysterious_Bank/0099-small_bass.xiz
banks/The_Mysterious_Bank/0100-synth_bass_1.xiz
banks/The_Mysterious_Bank/0101-synth_bass_2.xiz
banks/The_Mysterious_Bank/0102-synth_bass_3.xiz
banks/The_Mysterious_Bank/0103-synth_bass_4.xiz
banks/The_Mysterious_Bank/0104-synth_bass_5.xiz
banks/The_Mysterious_Bank/0105-synth_bass_6.xiz
banks/The_Mysterious_Bank/0106-synth_bass_7.xiz
banks/The_Mysterious_Bank/0107-synth_bass_8.xiz
banks/The_Mysterious_Bank/0108-synth_bass_9.xiz
banks/The_Mysterious_Bank/0109-synth_bass_10.xiz
banks/The_Mysterious_Bank/0110-synth_bass_11.xiz
banks/The_Mysterious_Bank/0111-synth_bass_12.xiz
banks/The_Mysterious_Bank/0112-vintage_bass.xiz
banks/The_Mysterious_Bank/0114-80s_rhodes.xiz
banks/The_Mysterious_Bank/0115-rhodes.xiz
banks/The_Mysterious_Bank/0116-rhodes_2.xiz
banks/The_Mysterious_Bank/0117-new_arpeggio_3.xiz
banks/The_Mysterious_Bank/0118-musicbox.xiz
banks/The_Mysterious_Bank/0119-jazz_guitar.xiz
banks/The_Mysterious_Bank/0120-heavy_metal_guitar.xiz
banks/The_Mysterious_Bank/0121-percussive.xiz
banks/The_Mysterious_Bank/0122-pseudo_steeldrums.xiz
banks/The_Mysterious_Bank/0123-synth_reed.xiz
banks/The_Mysterious_Bank/0124-brass.xiz
banks/The_Mysterious_Bank/0126-8bit_car.xiz
banks/The_Mysterious_Bank/0127-computer.xiz
banks/The_Mysterious_Bank/0128-drunk_world.xiz
banks/The_Mysterious_Bank/0129-falling_stars.xiz
banks/The_Mysterious_Bank/0130-glitch.xiz
banks/The_Mysterious_Bank/0131-radio.xiz
banks/The_Mysterious_Bank/0132-starting_machine.xiz
banks/The_Mysterious_Bank/0133-strange_world.xiz
banks/The_Mysterious_Bank/0134-ufo_invasion.xiz
banks/Will_Godfrey_Collection/.bankdir
banks/Will_Godfrey_Collection/0001-Xylophone.xiz
banks/Will_Godfrey_Collection/0002-Vibraphone.xiz
banks/Will_Godfrey_Collection/0003-Soft Vibes.xiz
banks/Will_Godfrey_Collection/0004-Simple Chimes.xiz
banks/Will_Godfrey_Collection/0005-Silver Bell.xiz
banks/Will_Godfrey_Collection/0006-Soft Hammer.xiz
banks/Will_Godfrey_Collection/0007-Ethereal.xiz
banks/Will_Godfrey_Collection/0008-Metal Drips.xiz
banks/Will_Godfrey_Collection/0009-Trem Lead.xiz
banks/Will_Godfrey_Collection/0010-Trem Synth Piano 3.xiz
banks/Will_Godfrey_Collection/0011-Trem Synth.xiz
banks/Will_Godfrey_Collection/0012-Simple Square.xiz
banks/Will_Godfrey_Collection/0013-Full Square.xiz
banks/Will_Godfrey_Collection/0014-Super Square.xiz
banks/Will_Godfrey_Collection/0015-Steel Wire.xiz
banks/Will_Godfrey_Collection/0016-Echo Bubbles.xiz
banks/Will_Godfrey_Collection/0017-Fantasia.xiz
banks/Will_Godfrey_Collection/0018-Sub Delay.xiz
banks/Will_Godfrey_Collection/0019-Soft.xiz
banks/Will_Godfrey_Collection/0020-Ultra Soft.xiz
banks/Will_Godfrey_Collection/0021-Whistle.xiz
banks/Will_Godfrey_Collection/0022-Wipe Whistle.xiz
banks/Will_Godfrey_Collection/0023-Ghost Whistle.xiz
banks/Will_Godfrey_Collection/0024-Full Strings.xiz
banks/Will_Godfrey_Collection/0025-Slow Strings.xiz
banks/Will_Godfrey_Collection/0026-Pizzicato Strings.xiz
banks/Will_Godfrey_Collection/0027-Sweep Synth.xiz
banks/Will_Godfrey_Collection/0028-Warm Synth.xiz
banks/Will_Godfrey_Collection/0029-Hard Synth.xiz
banks/Will_Godfrey_Collection/0030-Bright Synth.xiz
banks/Will_Godfrey_Collection/0031-Multi Synth.xiz
banks/Will_Godfrey_Collection/0032-Slow Saw.xiz
banks/Will_Godfrey_Collection/0033-Medium Saw.xiz
banks/Will_Godfrey_Collection/0034-Hard Saw.xiz
banks/Will_Godfrey_Collection/0035-Voiced Saw.xiz
banks/Will_Godfrey_Collection/0036-Sweep Saw.xiz
banks/Will_Godfrey_Collection/0037-Stereo Sweep Saw.xiz
banks/Will_Godfrey_Collection/0038-Wipe Synth.xiz
banks/Will_Godfrey_Collection/0039-Hard Stereo Sweep Synth.xiz
banks/Will_Godfrey_Collection/0040-Master Synth Low.xiz
banks/Will_Godfrey_Collection/0041-Master Synth High.xiz
banks/Will_Godfrey_Collection/0042-Sharp Synth.xiz
banks/Will_Godfrey_Collection/0043-Fretless Bass.xiz
banks/Will_Godfrey_Collection/0044-Decay Bass.xiz
banks/Will_Godfrey_Collection/0045-Steel Bass.xiz
banks/Will_Godfrey_Collection/0046-Synth Bass.xiz
banks/Will_Godfrey_Collection/0047-Distorted Bass.xiz
banks/Will_Godfrey_Collection/0048-Variable Reed.xiz
banks/Will_Godfrey_Collection/0049-Reed Organ.xiz
banks/Will_Godfrey_Collection/0050-Soft Organ.xiz
banks/Will_Godfrey_Collection/0051-Thin Pipe.xiz
banks/Will_Godfrey_Collection/0052-Great Organ.xiz
banks/Will_Godfrey_Collection/0053-64ft Organ.xiz
banks/Will_Godfrey_Collection/0054-Hammond Organ.xiz
banks/Will_Godfrey_Collection/0055-Percussion Organ.xiz
banks/Will_Godfrey_Collection/0056-Sines.xiz
banks/Will_Godfrey_Collection/0057-Soft Flute.xiz
banks/Will_Godfrey_Collection/0058-Warm Flute.xiz
banks/Will_Godfrey_Collection/0059-Ocarina.xiz
banks/Will_Godfrey_Collection/0060-Beyond.xiz
banks/Will_Godfrey_Collection/0061-Sweep Pad.xiz
banks/Will_Godfrey_Collection/0062-Sweep Matrix.xiz
banks/Will_Godfrey_Collection/0063-Matrix.xiz
banks/Will_Godfrey_Collection/0064-Slow Deep Matrix.xiz
banks/Will_Godfrey_Collection/0065-Ice Field.xiz
banks/Will_Godfrey_Collection/0066-Hollow Ice Field.xiz
banks/Will_Godfrey_Collection/0067-Smooth.xiz
banks/Will_Godfrey_Collection/0068-Rushes.xiz
banks/Will_Godfrey_Collection/0069-Medium Rushes.xiz
banks/Will_Godfrey_Collection/0070-Bright Rushes.xiz
banks/Will_Godfrey_Collection/0071-Bright Rush Long Tail.xiz
banks/Will_Godfrey_Collection/0072-Extended Rushes.xiz
banks/Will_Godfrey_Collection/0073-Bright Rush Pipe.xiz
banks/Will_Godfrey_Collection/0074-Sweep Rushes.xiz
banks/Will_Godfrey_Collection/0075-Breathy Pad.xiz
banks/Will_Godfrey_Collection/0076-ReedBank.xiz
banks/Will_Godfrey_Collection/0077-Voyager.xiz
banks/Will_Godfrey_Collection/0078-Soft Voyager.xiz
banks/Will_Godfrey_Collection/0079-Soft Voyager Reverse.xiz
banks/Will_Godfrey_Collection/0080-Echo Choir.xiz
banks/Will_Godfrey_Collection/0081-Sharp.xiz
banks/Will_Godfrey_Collection/0082-Sharp and Warm.xiz
banks/Will_Godfrey_Collection/0083-Sharp and Deep.xiz
banks/Will_Godfrey_Collection/0084-Sharp Reed.xiz
banks/Will_Godfrey_Collection/0085-Far Reed.xiz
banks/Will_Godfrey_Collection/0086-Clarinet.xiz
banks/Will_Godfrey_Collection/0087-Bassoon.xiz
banks/Will_Godfrey_Collection/0088-Aooww.xiz
banks/Will_Godfrey_Collection/0089-Daooww.xiz
banks/Will_Godfrey_Collection/0090-Yaooww.xiz
banks/Will_Godfrey_Collection/0091-Yiee.xiz
banks/Will_Godfrey_Collection/0092-Eeoow.xiz
banks/Will_Godfrey_Collection/0093-Overdrive.xiz
banks/Will_Godfrey_Collection/0094-Overdrive 2.xiz
banks/Will_Godfrey_Collection/0095-Overdrive 3.xiz
banks/Will_Godfrey_Collection/0096-Power Guitar 1.xiz
banks/Will_Godfrey_Collection/0097-Power Guitar 2.xiz
banks/Will_Godfrey_Collection/0098-Wet Brass.xiz
banks/Will_Godfrey_Collection/0099-Wet Brass 2.xiz
banks/Will_Godfrey_Collection/0100-Prophesy.xiz
banks/Will_Godfrey_Collection/0101-Bottle.xiz
banks/Will_Godfrey_Collection/0102-Pan Pipe 32.xiz
banks/Will_Godfrey_Collection/0103-Pan Pipe.xiz
banks/Will_Godfrey_Collection/0104-Pan Pipe 96.xiz
banks/Will_Godfrey_Collection/0105-Lite Guitar.xiz
banks/Will_Godfrey_Collection/0106-Trem Guitar.xiz
banks/Will_Godfrey_Collection/0107-Smooth Guitar.xiz
banks/Will_Godfrey_Collection/0108-Nylon Guitar.xiz
banks/Will_Godfrey_Collection/0109-Tunnel Piano.xiz
banks/Will_Godfrey_Collection/0110-Home Piano.xiz
banks/Will_Godfrey_Collection/0111-Moonlight Piano.xiz
banks/Will_Godfrey_Collection/0112-Soft Piano1.xiz
banks/Will_Godfrey_Collection/0113-Soft Piano2.xiz
banks/Will_Godfrey_Collection/0114-Space Piano.xiz
banks/Will_Godfrey_Collection/0115-Space Voice.xiz
banks/Will_Godfrey_Collection/0116-Far Space Voice.xiz
banks/Will_Godfrey_Collection/0117-Space Voice 2.xiz
banks/Will_Godfrey_Collection/0118-Soft Choir.xiz
banks/Will_Godfrey_Collection/0119-Full Choir.xiz
banks/Will_Godfrey_Collection/0120-Soft Ahh.xiz
banks/Will_Godfrey_Collection/0121-Breathy Ahh.xiz
banks/Will_Godfrey_Collection/0122-Another Choir.xiz
banks/Will_Godfrey_Collection/0123-Light Choir.xiz
banks/Will_Godfrey_Collection/0124-Super Pad.xiz
banks/Will_Godfrey_Collection/0125-Hyper Pad.xiz
banks/Will_Godfrey_Collection/0126-Hyper Matrix.xiz
banks/Will_Godfrey_Collection/0127-Extreme.xiz
banks/Will_Godfrey_Collection/0128-Wind and Surf.xiz
banks/Will_Godfrey_Companion/.bankdir
banks/Will_Godfrey_Companion/0004-Muffled Bells.xiz
banks/Will_Godfrey_Companion/0006-Tinkle Bell.xiz
banks/Will_Godfrey_Companion/0007-Super Ethereal.xiz
banks/Will_Godfrey_Companion/0010-Metal Sweep.xiz
banks/Will_Godfrey_Companion/0011-Slow Steel.xiz
banks/Will_Godfrey_Companion/0013-Bright Metal.xiz
banks/Will_Godfrey_Companion/0014-Metal Tines.xiz
banks/Will_Godfrey_Companion/0016-Soft Metal.xiz
banks/Will_Godfrey_Companion/0019-Warm Square Swell.xiz
banks/Will_Godfrey_Companion/0021-Bubbles.xiz
banks/Will_Godfrey_Companion/0024-Solo.xiz
banks/Will_Godfrey_Companion/0025-Wind Whistle.xiz
banks/Will_Godfrey_Companion/0026-Tomita Whistle.xiz
banks/Will_Godfrey_Companion/0028-Theramin.xiz
banks/Will_Godfrey_Companion/0033-AddSynth Morph.xiz
banks/Will_Godfrey_Companion/0034-DynaPad.xiz
banks/Will_Godfrey_Companion/0035-Modular Sines.xiz
banks/Will_Godfrey_Companion/0036-Echo Multimod.xiz
banks/Will_Godfrey_Companion/0037-Special Saw.xiz
banks/Will_Godfrey_Companion/0038-Smooth Saw.xiz
banks/Will_Godfrey_Companion/0039-Slow Morph.xiz
banks/Will_Godfrey_Companion/0040-Shimmer.xiz
banks/Will_Godfrey_Companion/0041-Buzz.xiz
banks/Will_Godfrey_Companion/0042-Variable Synth.xiz
banks/Will_Godfrey_Companion/0043-Muted Synth.xiz
banks/Will_Godfrey_Companion/0045-Bite.xiz
banks/Will_Godfrey_Companion/0047-Accordian.xiz
banks/Will_Godfrey_Companion/0048-Pad Organ.xiz
banks/Will_Godfrey_Companion/0049-Pad Kit.xiz
banks/Will_Godfrey_Companion/0050-Thin Trem Pipe.xiz
banks/Will_Godfrey_Companion/0051-Orc Voice.xiz
banks/Will_Godfrey_Companion/0052-Smooth Organ.xiz
banks/Will_Godfrey_Companion/0053-B3.xiz
banks/Will_Godfrey_Companion/0054-Sub Phase Bass.xiz
banks/Will_Godfrey_Companion/0055-Thick Bass.xiz
banks/Will_Godfrey_Companion/0056-Wide Bass.xiz
banks/Will_Godfrey_Companion/0057-Ultra Bass.xiz
banks/Will_Godfrey_Companion/0058-Simple Bass.xiz
banks/Will_Godfrey_Companion/0059-Rich Bass.xiz
banks/Will_Godfrey_Companion/0060-Stopped Pipe.xiz
banks/Will_Godfrey_Companion/0062-Deep Matrix Kit.xiz
banks/Will_Godfrey_Companion/0065-Sharp Sweep Synth.xiz
banks/Will_Godfrey_Companion/0066-Sharp Sweep Multi.xiz
banks/Will_Godfrey_Companion/0069-Multi Rushes.xiz
banks/Will_Godfrey_Companion/0070-Voyager Chime.xiz
banks/Will_Godfrey_Companion/0072-Cathedral Sound.xiz
banks/Will_Godfrey_Companion/0074-Smooth Expanded.xiz
banks/Will_Godfrey_Companion/0076-Pulse Reeds.xiz
banks/Will_Godfrey_Companion/0078-Brassy.xiz
banks/Will_Godfrey_Companion/0079-Brassy Flutter.xiz
banks/Will_Godfrey_Companion/0080-Soft Brass.xiz
banks/Will_Godfrey_Companion/0081-Post Horn.xiz
banks/Will_Godfrey_Companion/0084-Cathedral Pipe Organ.xiz
banks/Will_Godfrey_Companion/0085-Theatre Organ.xiz
banks/Will_Godfrey_Companion/0087-Sub Choir.xiz
banks/Will_Godfrey_Companion/0092-Wind Pipes.xiz
banks/Will_Godfrey_Companion/0094-Yet Another Flute.xiz
banks/Will_Godfrey_Companion/0096-Cello.xiz
banks/Will_Godfrey_Companion/0098-Cracked Chimes.xiz
banks/Will_Godfrey_Companion/0100-Pad Chimes.xiz
banks/Will_Godfrey_Companion/0106-Harpsichord.xiz
banks/Will_Godfrey_Companion/0107-Cathedral Harp.xiz
banks/Will_Godfrey_Companion/0108-Angel Harp.xiz
banks/Will_Godfrey_Companion/0110-Angel Piano.xiz
banks/Will_Godfrey_Companion/0112-SciFi Piano.xiz
banks/Will_Godfrey_Companion/0114-Space Pipes.xiz
banks/Will_Godfrey_Companion/0116-Soprano.xiz
banks/Will_Godfrey_Companion/0117-Boy Choir.xiz
banks/Will_Godfrey_Companion/0118-Ooo.xiz
banks/Will_Godfrey_Companion/0119-Ghost Choir.xiz
banks/Will_Godfrey_Companion/0120-Ghost Chime.xiz
banks/Will_Godfrey_Companion/0121-Ghost Ensemble.xiz
banks/Will_Godfrey_Companion/0122-Choir Stabs.xiz
banks/Will_Godfrey_Companion/0123-Cathedral Ahh.xiz
banks/Will_Godfrey_Companion/0125-Hollow Ghost Ensemble.xiz
banks/Will_Godfrey_Companion/0127-Hoover.xiz
banks/Will_Godfrey_Companion/0128-Surf.xiz
banks/Will_Godfrey_Companion/0129-Scaffold Pole.xiz
banks/chip/.bankdir
banks/chip/0001-Fantasy_Canyon.xiz
banks/chip/0002-Fantasy_Canyon_X.xiz
banks/chip/0003-Chip_Bass.xiz
banks/chip/0004-Chip_Bass_2.xiz
banks/chip/0005-Chip_Bass_3.xiz
banks/chip/0006-Chip_Bass_4.xiz
banks/chip/0007-Chip_Hop1.xiz
banks/chip/0008-Chip_Hop2.xiz
banks/chip/0009-Chip_Strange_1.xiz
banks/chip/0010-Chip_Bass_Hit.xiz
banks/chip/0011-Chip.xiz
banks/chip/0012-Chips_Funky_Flute.xiz
banks/chip/0013-ChipSaw_1.xiz
banks/chip/0014-ChipSaw_2.xiz
banks/chip/0015-ChipSaw_3.xiz
banks/chip/0016-ChipSaw_4.xiz
banks/chip/0017-SuperSquare1.xiz
banks/chip/0018-Chiffer_Chip.xiz
banks/chip/0019-Alien_Chatter.xiz
banks/chip/0020-Batman.xiz
banks/chip/0021-Batman_2.xiz
banks/chip/0022-1234.xiz
banks/chip/0023-Bump.xiz
banks/chip/0024-Boink.xiz
banks/chip/0025-Boink_120.xiz
banks/chip/0026-Boink_Overdriven.xiz
banks/chip/0027-Ping_Chip.xiz
banks/chip/0028-ChipsPlucks.xiz
banks/chip/0029-Order_of_Chaos.xiz
banks/chip/0030-Chips_Thing.xiz
banks/chip/0031-Chips_Plunks.xiz
banks/chip/0032-Chips_Plunks_2.xiz
banks/chip/0033-Chips_Pulse.xiz
banks/chip/0034-Bubbly.xiz
banks/chip/0035-Darkness.xiz
banks/chip/0036-Darkness_2.xiz
banks/chip/0037-Wet_Works.xiz
banks/chip/0038-iBrazz_1.xiz
banks/chip/0039-iBrazz_2.xiz
banks/chip/0040-WindSaw.xiz
banks/chip/0041-WindSawModu.xiz
banks/chip/0042-EffectA.xiz
banks/chip/0043-BigBass5.xiz
banks/chip/0044-ChipBass.xiz
banks/chip/0045-No_Trash_1.xiz
banks/chip/0046-plucker.xiz
banks/chip/0047-plucker2.xiz
banks/chip/0048-Glitch_in_the_Machine.xiz
banks/chip/0049-Dings.xiz
banks/chip/0050-Ghost_Bells.xiz
desktop/128/yoshimi.png
desktop/256/yoshimi.png
desktop/64/yoshimi.png
desktop/metainfo/yoshimi.metainfo.xml
desktop/yoshimi.1
desktop/yoshimi.desktop.in
desktop/yoshimi.png
desktop/yoshimi.svg
desktop/yoshimi_alt.svg
dev_notes/0_WARNING_0
dev_notes/1st_ReadMe.txt
dev_notes/Automated_Testing_Support.txt
dev_notes/ControlModel.pdf
dev_notes/Control_Block_Test.txt
dev_notes/Default_Maths.txt
dev_notes/Defaults_V_MagicNumbers.txt
dev_notes/Effect_Inserts.txt
dev_notes/Envelope_Inserts.txt
dev_notes/Escape_chars.txt
dev_notes/FLTK_color_map.png
dev_notes/FLTK_colours
dev_notes/FLTK_event_keys.txt
dev_notes/FLTK_event_names.txt
dev_notes/GUI_Interpretations.txt
dev_notes/GuiDataExchange.txt
dev_notes/GuiDataExchangeTest.cpp
dev_notes/History_Lists.txt
dev_notes/Indirect_Transfers.txt
dev_notes/Limits.txt
dev_notes/MIDI_Aftertouch.txt
dev_notes/MIDI_Learn.txt
dev_notes/MIDI_Learn_Sequence.txt
dev_notes/Major_control_updates_on_window_refresh
dev_notes/Note_Tests.txt
dev_notes/PadThread_Explanation.txt
dev_notes/Part_On_Off.txt
dev_notes/Reading_Values.txt
dev_notes/Resize.txt
dev_notes/Root_Bank_Program.txt
dev_notes/Scales.txt
dev_notes/Simple_Message.txt
dev_notes/Startup_Synth_instances.txt
dev_notes/System_Values.txt
dev_notes/ToDo.txt
dev_notes/Yoshimi Control Data/Design Notes
dev_notes/Yoshimi Control Data/Sections/LFOinsert.html
dev_notes/Yoshimi Control Data/Sections/addsynth.html
dev_notes/Yoshimi Control Data/Sections/addvoice.html
dev_notes/Yoshimi Control Data/Sections/bank.html
dev_notes/Yoshimi Control Data/Sections/config.html
dev_notes/Yoshimi Control Data/Sections/effect.html
dev_notes/Yoshimi Control Data/Sections/envelopeinsert.html
dev_notes/Yoshimi Control Data/Sections/filterinsert.html
dev_notes/Yoshimi Control Data/Sections/main.html
dev_notes/Yoshimi Control Data/Sections/midi.html
dev_notes/Yoshimi Control Data/Sections/midilearn.html
dev_notes/Yoshimi Control Data/Sections/oscillator.html
dev_notes/Yoshimi Control Data/Sections/padsynth.html
dev_notes/Yoshimi Control Data/Sections/part.html
dev_notes/Yoshimi Control Data/Sections/resonance.html
dev_notes/Yoshimi Control Data/Sections/scales.html
dev_notes/Yoshimi Control Data/Sections/style.css
dev_notes/Yoshimi Control Data/Sections/subsynth.html
dev_notes/Yoshimi Control Data/Sections/toplevel.html
dev_notes/Yoshimi Control Data/Sections/vector.html
dev_notes/Yoshimi Control Data/index.html
dev_notes/Yoshimi_Policies.txt
dev_notes/Yoshimi_Timeline.txt
dev_notes/switches_and_flags.txt
dev_notes/z-Release_Code_Names.txt
doc/1stReadMe.txt
doc/Banks_Presets_Update.txt
doc/Colour_Themes.txt
doc/Formant_Filter
doc/Formant_Filter_Design.txt
doc/Formant_Filter_Extension.txt
doc/Histories/ALSA_Setup.txt
doc/Histories/AddSynthModulation.txt
doc/Histories/Aftertouch.txt
doc/Histories/Banks.txt
doc/Histories/Channel_Switcher.txt
doc/Histories/Command_Line.txt
doc/Histories/Command_line_Config_Roots_Banks.txt
doc/Histories/Direct_Part_Control.txt
doc/Histories/Instrument_Kits.txt
doc/Histories/Jack_Audio_Destination.txt
doc/Histories/Kit_Mode_Access.txt
doc/Histories/MIDI.txt
doc/Histories/MIDI_Learn.txt
doc/Histories/NRPN_System_Settings.txt
doc/Histories/Output_Levels.txt
doc/Histories/README.txt
doc/Histories/Scales.txt
doc/Histories/Selection_Structure.txt
doc/Histories/Shortform_NRPN.txt
doc/Histories/Solo.txt
doc/Histories/Using_More_Parts.txt
doc/Histories/Using_NRPNs.txt
doc/Histories/Vector_Control.txt
doc/Histories/Voice_Mod_Oscillators.txt
doc/Histories/Yoshi-Zyn_Sound_Differences.txt
doc/Histories/Yoshi_Zyn_NRPNs.txt
doc/Histories/Yoshimi CCs and NRPNs.pdf
doc/Histories/Yoshimi_1.3.5-features.txt
doc/Histories/Yoshimi_1.3.6-features.txt
doc/Histories/Yoshimi_1.3.7-features.txt
doc/Histories/Yoshimi_1.3.8-features.txt
doc/Histories/Yoshimi_1.3.9-features.txt
doc/Histories/Yoshimi_1.4.0-features.txt
doc/Histories/Yoshimi_1.4.1-features.txt
doc/Histories/Yoshimi_1.5.0-features.txt
doc/Histories/Yoshimi_1.5.1-features.txt
doc/Histories/Yoshimi_1.5.10_features.txt
doc/Histories/Yoshimi_1.5.11_features.txt
doc/Histories/Yoshimi_1.5.2-features.txt
doc/Histories/Yoshimi_1.5.3-features.txt
doc/Histories/Yoshimi_1.5.4_features.txt
doc/Histories/Yoshimi_1.5.5_1.5.6_features.txt
doc/Histories/Yoshimi_1.5.7_features.txt
doc/Histories/Yoshimi_1.5.8_features.txt
doc/Histories/Yoshimi_1.5.9_features.txt
doc/Histories/Yoshimi_1.6.0_features.txt
doc/Histories/Yoshimi_1.6.1_features.txt
doc/Histories/Yoshimi_1.7.0_features
doc/Histories/Yoshimi_1.7.1_features.txt
doc/Histories/Yoshimi_1.7.2_features.txt
doc/Histories/Yoshimi_1.7.3_features.txt
doc/Histories/Yoshimi_1.7.4_features.txt
doc/Histories/Yoshimi_2.0.1_features.txt
doc/Histories/Yoshimi_2.0.2_features.txt
doc/Histories/Yoshimi_2.0_features.txt
doc/Histories/Yoshimi_2.1.0_features.txt
doc/Histories/Yoshimi_2.1.1_features.txt
doc/Histories/Yoshimi_2.1.2_features.txt
doc/Histories/Yoshimi_2.2.0_features.txt
doc/Histories/Yoshimi_2.2.1_features.txt
doc/Histories/Yoshimi_2.2.2_features.txt
doc/Histories/Yoshimi_2.2.3_features.txt
doc/Histories/Yoshimi_2.3.0_features.txt
doc/Histories/Yoshimi_2.3.1.2_features.txt
doc/Histories/Yoshimi_2.3.1_features.txt
doc/Histories/Yoshimi_Early_History.txt
doc/Histories/Yoshimi_License_History.txt
doc/Histories/Yoshimi_Only_NRPNs.txt
doc/Histories/Zyn_ChangeLog
doc/Histories/Zyn_HISTORY.txt
doc/Note_Envelopes.txt
doc/Part_Kit_Crossfade.txt
doc/The Short Yoshimi Guide.odt
doc/Yoshimi_2.3.2_features.txt
doc/Yoshimi_License_History.txt
doc/Yoshimi_Quote.txt
doc/examples/Arram_Koth_Finale.mid
doc/examples/Arram_Koth_Finale.txt
doc/examples/CoolSound.txt
doc/examples/CoolSound.xvy
doc/examples/CrossFade.txt
doc/examples/CrossFade.xiz
doc/examples/Microtonal Keymap Demo.kbm
doc/examples/Microtonal Ratio Scale.xsz
doc/examples/Microtonal Tuning Demo.scl
doc/examples/Microtonal_Demo.txt
doc/examples/Original Zyn Patchsets/0km.xmz
doc/examples/Original Zyn Patchsets/Arpeggio 1.xmz
doc/examples/Original Zyn Patchsets/Arpeggio 2.xmz
doc/examples/Original Zyn Patchsets/Arpeggio 3.xmz
doc/examples/Original Zyn Patchsets/Arpeggio 4.xmz
doc/examples/Original Zyn Patchsets/Arpeggio 5.xmz
doc/examples/Original Zyn Patchsets/Arpeggio 6.xmz
doc/examples/Original Zyn Patchsets/Arpeggio Dist 1.xmz
doc/examples/Original Zyn Patchsets/Arpeggio Dist 2.xmz
doc/examples/Original Zyn Patchsets/Arpeggio Flange 1.xmz
doc/examples/Original Zyn Patchsets/Arpeggio Flange 2.xmz
doc/examples/Original Zyn Patchsets/Choir Reeds.xmz
doc/examples/Original Zyn Patchsets/Choir Strings SynthBrass.xmz
doc/examples/Original Zyn Patchsets/Dist Guitar Strings 1.xmz
doc/examples/Original Zyn Patchsets/Dist Guitar Strings 2.xmz
doc/examples/Original Zyn Patchsets/Drop.xmz
doc/examples/Original Zyn Patchsets/Fantasy 1.xmz
doc/examples/Original Zyn Patchsets/Fantasy 2.xmz
doc/examples/Original Zyn Patchsets/Glass Choir.xmz
doc/examples/Original Zyn Patchsets/HighPass Saw Strings.xmz
doc/examples/Original Zyn Patchsets/Ice Rhodes Strings.xmz
doc/examples/Original Zyn Patchsets/Legatto 1.xmz
doc/examples/Original Zyn Patchsets/Legatto 2.xmz
doc/examples/Original Zyn Patchsets/Legatto Strings.xmz
doc/examples/Original Zyn Patchsets/Octave Strings.xmz
doc/examples/Original Zyn Patchsets/Organ Choir Strings.xmz
doc/examples/Original Zyn Patchsets/Saw.xmz
doc/examples/Original Zyn Patchsets/Space 1.xmz
doc/examples/Original Zyn Patchsets/Space 2.xmz
doc/examples/Original Zyn Patchsets/Split_keyboard.xmz
doc/examples/Original Zyn Patchsets/String Reverb.xmz
doc/examples/Original Zyn Patchsets/Strings Reeds 1.xmz
doc/examples/Original Zyn Patchsets/Strings Reeds 2.xmz
doc/examples/Original Zyn Patchsets/Struck String Big Reverb 1.xmz
doc/examples/Original Zyn Patchsets/Struck String Big Reverb 2.xmz
doc/examples/Original Zyn Patchsets/Supersaw.xmz
doc/examples/Original Zyn Patchsets/Synth Bells Choir Reverb.xmz
doc/examples/Original Zyn Patchsets/Synth Piano Reverb.xmz
doc/examples/Original Zyn Patchsets/Synth.xmz
doc/examples/Original Zyn Patchsets/bent_synth.xmz
doc/examples/Original Zyn Patchsets/photons.xmz
doc/examples/Out_There.mid
doc/examples/Out_There.txt
doc/examples/Out_There.xmz
doc/examples/synth_prelude.txt
doc/examples/themes/blue_tint.clr
doc/examples/themes/demo.clr
doc/examples/themes/gray-dark-01.clr
doc/examples/themes/largosdark.clr
doc/examples/themes/monchrome.clr
doc/examples/themes/retro_classic.clr
doc/yoshimi_user_guide/add/add.html
doc/yoshimi_user_guide/add/images/global.png
doc/yoshimi_user_guide/add/images/voice.png
doc/yoshimi_user_guide/add/images/voicelist.png
doc/yoshimi_user_guide/add/voice.html
doc/yoshimi_user_guide/add/voicelist.html
doc/yoshimi_user_guide/appendix.html
doc/yoshimi_user_guide/bank/bank.html
doc/yoshimi_user_guide/bank/images/banks.png
doc/yoshimi_user_guide/bank/images/instruments.png
doc/yoshimi_user_guide/bank/images/roots.png
doc/yoshimi_user_guide/bank/images/search.png
doc/yoshimi_user_guide/bank/search.html
doc/yoshimi_user_guide/basic_example_page/example.html
doc/yoshimi_user_guide/cc_nrpn.html
doc/yoshimi_user_guide/config/config.html
doc/yoshimi_user_guide/config/images/alsa.png
doc/yoshimi_user_guide/config/images/jack.png
doc/yoshimi_user_guide/config/images/midi.png
doc/yoshimi_user_guide/config/images/settings.png
doc/yoshimi_user_guide/config/images/switches.png
doc/yoshimi_user_guide/config/images/theme.png
doc/yoshimi_user_guide/dev_notes.txt
doc/yoshimi_user_guide/effects/effects.html
doc/yoshimi_user_guide/effects/images/alienwah.png
doc/yoshimi_user_guide/effects/images/chorus.png
doc/yoshimi_user_guide/effects/images/distortion.png
doc/yoshimi_user_guide/effects/images/dynfilter.png
doc/yoshimi_user_guide/effects/images/dynfilter_filter_params.png
doc/yoshimi_user_guide/effects/images/echo.png
doc/yoshimi_user_guide/effects/images/eq.png
doc/yoshimi_user_guide/effects/images/phaser.png
doc/yoshimi_user_guide/effects/images/reverb.png
doc/yoshimi_user_guide/envelope/envelope.html
doc/yoshimi_user_guide/envelope/images/ampenv.png
doc/yoshimi_user_guide/envelope/images/bandenv.png
doc/yoshimi_user_guide/envelope/images/filtenv.png
doc/yoshimi_user_guide/envelope/images/freemode_edit.png
doc/yoshimi_user_guide/envelope/images/freqenv.png
doc/yoshimi_user_guide/files/style.css
doc/yoshimi_user_guide/files/yoshimi_user_guide_version
doc/yoshimi_user_guide/filter/filter.html
doc/yoshimi_user_guide/filter/images/filter.png
doc/yoshimi_user_guide/filter/images/formant.png
doc/yoshimi_user_guide/images/Main.png
doc/yoshimi_user_guide/images/boundry.png
doc/yoshimi_user_guide/images/insertion.png
doc/yoshimi_user_guide/images/instrument.png
doc/yoshimi_user_guide/images/notes.txt
doc/yoshimi_user_guide/images/patch.png
doc/yoshimi_user_guide/images/path.png
doc/yoshimi_user_guide/images/scale.png
doc/yoshimi_user_guide/images/state.png
doc/yoshimi_user_guide/images/syseffsend.png
doc/yoshimi_user_guide/images/system.png
doc/yoshimi_user_guide/images/vu.png
doc/yoshimi_user_guide/images/yoshimi.png
doc/yoshimi_user_guide/index.html
doc/yoshimi_user_guide/install/install.html
doc/yoshimi_user_guide/introduction/introduction.html
doc/yoshimi_user_guide/lfo/images/lfo.png
doc/yoshimi_user_guide/lfo/lfo.html
doc/yoshimi_user_guide/main.html
doc/yoshimi_user_guide/miscellany.html
doc/yoshimi_user_guide/mlearn/images/cantlearn.png
doc/yoshimi_user_guide/mlearn/images/learning.png
doc/yoshimi_user_guide/mlearn/images/mlearn.png
doc/yoshimi_user_guide/mlearn/mlearn.html
doc/yoshimi_user_guide/navigation/images/bank_export.png
doc/yoshimi_user_guide/navigation/images/bank_import.png
doc/yoshimi_user_guide/navigation/images/bank_root.png
doc/yoshimi_user_guide/navigation/images/defaults.png
doc/yoshimi_user_guide/navigation/images/favourites.png
doc/yoshimi_user_guide/navigation/images/filer.png
doc/yoshimi_user_guide/navigation/images/gui_big.png
doc/yoshimi_user_guide/navigation/images/gui_normal.png
doc/yoshimi_user_guide/navigation/images/tuning_import.png
doc/yoshimi_user_guide/navigation/navigation.html
doc/yoshimi_user_guide/pad/images/padenvelope.png
doc/yoshimi_user_guide/pad/images/padharmonic.png
doc/yoshimi_user_guide/pad/images/padrandom.png
doc/yoshimi_user_guide/pad/pad.html
doc/yoshimi_user_guide/pad/random.html
doc/yoshimi_user_guide/part/controllers.html
doc/yoshimi_user_guide/part/images/aftertouch.png
doc/yoshimi_user_guide/part/images/controllers.png
doc/yoshimi_user_guide/part/images/edit.png
doc/yoshimi_user_guide/part/images/effects.png
doc/yoshimi_user_guide/part/images/kit.png
doc/yoshimi_user_guide/part/images/midiCCs.png
doc/yoshimi_user_guide/part/images/mixer.png
doc/yoshimi_user_guide/part/images/section.png
doc/yoshimi_user_guide/part/images/solo.png
doc/yoshimi_user_guide/part/part.html
doc/yoshimi_user_guide/part/solo.html
doc/yoshimi_user_guide/preset/images/copy.png
doc/yoshimi_user_guide/preset/images/paste.png
doc/yoshimi_user_guide/preset/preset.html
doc/yoshimi_user_guide/resonance/images/resonance.png
doc/yoshimi_user_guide/resonance/resonance.html
doc/yoshimi_user_guide/scale/images/pietro.png
doc/yoshimi_user_guide/scale/scale.html
doc/yoshimi_user_guide/starting/images/keyboard.png
doc/yoshimi_user_guide/starting/images/virtual.png
doc/yoshimi_user_guide/starting/starting.html
doc/yoshimi_user_guide/sub/images/sub.png
doc/yoshimi_user_guide/sub/sub.html
doc/yoshimi_user_guide/vector/images/vector.png
doc/yoshimi_user_guide/vector/vector.html
doc/yoshimi_user_guide/volume/images/volume.png
doc/yoshimi_user_guide/volume/volume.html
doc/yoshimi_user_guide/wave/images/wave.png
doc/yoshimi_user_guide/wave/wave.html
doc/yoshimi_user_guide/yoshimi_cli.html
presets/Advoice.Padsythn.xpz
presets/Bubbly.Padsyth.xpz
presets/ChurchOrgan01.Poscilgen.xpz
presets/Deep.Presonance.xpz
presets/Delay.Plfoamplitude.xpz
presets/Long Reverb.Peffect.xpz
presets/Pulse Mod.Padsyth.xpz
presets/SmoothSaw.Ppadsyth.xpz
presets/TinkleBell.Padsythn.xpz
presets/WahWah1.Peffect.xpz
presets/alienWah21.Peffect.xpz
presets/ampenv.Penvamplitude.xpz
presets/disty.Peffect.xpz
presets/echo.Peffect.xpz
presets/phase.Peffect.xpz
presets/sweep.Penvfilter.xpz
presets/sweep.Penvfrequency.xpz
presets/systype.Peffect.xpz
presets/windpipes.Psubsyth.xpz
src/CLI/CmdInterface.cpp
src/CLI/CmdInterface.h
src/CLI/CmdInterpreter.cpp
src/CLI/CmdInterpreter.h
src/CLI/Parser.h
src/CMakeLists.txt
src/DSP/AnalogFilter.cpp
src/DSP/AnalogFilter.h
src/DSP/FFTwrapper.h
src/DSP/Filter.cpp
src/DSP/Filter.h
src/DSP/Filter_.h
src/DSP/FormantFilter.cpp
src/DSP/FormantFilter.h
src/DSP/SVFilter.cpp
src/DSP/SVFilter.h
src/DSP/Unison.cpp
src/DSP/Unison.h
src/Effects/Alienwah.cpp
src/Effects/Alienwah.h
src/Effects/Chorus.cpp
src/Effects/Chorus.h
src/Effects/Distorsion.cpp
src/Effects/Distorsion.h
src/Effects/DynamicFilter.cpp
src/Effects/DynamicFilter.h
src/Effects/EQ.cpp
src/Effects/EQ.h
src/Effects/Echo.cpp
src/Effects/Echo.h
src/Effects/Effect.cpp
src/Effects/Effect.h
src/Effects/EffectLFO.cpp
src/Effects/EffectLFO.h
src/Effects/EffectMgr.cpp
src/Effects/EffectMgr.h
src/Effects/Phaser.cpp
src/Effects/Phaser.h
src/Effects/Reverb.cpp
src/Effects/Reverb.h
src/Interface/Data2Text.cpp
src/Interface/Data2Text.h
src/Interface/GuiDataExchange.cpp
src/Interface/GuiDataExchange.h
src/Interface/InterChange.cpp
src/Interface/InterChange.h
src/Interface/InterfaceAnchor.h
src/Interface/MidiDecode.cpp
src/Interface/MidiDecode.h
src/Interface/MidiLearn.cpp
src/Interface/MidiLearn.h
src/Interface/RingBuffer.h
src/Interface/Text2Data.cpp
src/Interface/Text2Data.h
src/Interface/TextLists.cpp
src/Interface/TextLists.h
src/Interface/Vectors.cpp
src/Interface/Vectors.h
src/LV2_Plugin/CMakeLists.txt
src/LV2_Plugin/YoshimiLV2Plugin.cpp
src/LV2_Plugin/YoshimiLV2Plugin.h
src/LV2_Plugin/lv2extprg.h
src/LV2_Plugin/lv2extui.h
src/LV2_Plugin/manifest.ttl
src/LV2_Plugin/yoshimi.ttl
src/Misc/Alloc.h
src/Misc/Bank.cpp
src/Misc/Bank.h
src/Misc/BuildScheduler.cpp
src/Misc/BuildScheduler.h
src/Misc/CliFuncs.h
src/Misc/CmdOptions.cpp
src/Misc/CmdOptions.h
src/Misc/ConfBuild.h
src/Misc/Config.cpp
src/Misc/Config.h
src/Misc/DataBlockBuff.cpp
src/Misc/DataBlockBuff.h
src/Misc/FileMgrFuncs.h
src/Misc/FormatFuncs.h
src/Misc/Hash.h
src/Misc/Microtonal.cpp
src/Misc/Microtonal.h
src/Misc/MirrorData.h
src/Misc/NumericFuncs.h
src/Misc/Part.cpp
src/Misc/Part.h
src/Misc/RandomGen.h
src/Misc/Splash.cpp
src/Misc/Splash.h
src/Misc/SplashPngHex
src/Misc/SynthEngine.cpp
src/Misc/SynthEngine.h
src/Misc/SynthHelper.h
src/Misc/TestInvoker.h
src/Misc/TestSequence.h
src/Misc/TextMsgBuffer.h
src/Misc/WavFile.cpp
src/Misc/WavFile.h
src/Misc/WaveShapeSamples.h
src/Misc/XMLwrapper.cpp
src/Misc/XMLwrapper.h
src/MusicIO/AlsaEngine.cpp
src/MusicIO/AlsaEngine.h
src/MusicIO/JackEngine.cpp
src/MusicIO/JackEngine.h
src/MusicIO/MusicClient.cpp
src/MusicIO/MusicClient.h
src/MusicIO/MusicIO.cpp
src/MusicIO/MusicIO.h
src/Params/ADnoteParameters.cpp
src/Params/ADnoteParameters.h
src/Params/Controller.cpp
src/Params/Controller.h
src/Params/EnvelopeParams.cpp
src/Params/EnvelopeParams.h
src/Params/FilterParams.cpp
src/Params/FilterParams.h
src/Params/LFOParams.cpp
src/Params/LFOParams.h
src/Params/OscilParameters.cpp
src/Params/OscilParameters.h
src/Params/PADStatus.h
src/Params/PADnoteParameters.cpp
src/Params/PADnoteParameters.h
src/Params/ParamCheck.cpp
src/Params/ParamCheck.h
src/Params/RandomWalk.h
src/Params/SUBnoteParameters.cpp
src/Params/SUBnoteParameters.h
src/Params/UnifiedPresets.cpp
src/Params/UnifiedPresets.h
src/Synth/ADnote.cpp
src/Synth/ADnote.h
src/Synth/Envelope.cpp
src/Synth/Envelope.h
src/Synth/LFO.cpp
src/Synth/LFO.h
src/Synth/OscilGen.cpp
src/Synth/OscilGen.h
src/Synth/PADnote.cpp
src/Synth/PADnote.h
src/Synth/Resonance.cpp
src/Synth/Resonance.h
src/Synth/SUBnote.cpp
src/Synth/SUBnote.h
src/Synth/WaveInterpolator.h
src/Synth/XFadeManager.h
src/UI/ADnoteUI.fl
src/UI/BankUI.fl
src/UI/ConfigUI.fl
src/UI/ConsoleUI.fl
src/UI/DynamicTooltip.cpp
src/UI/DynamicTooltip.h
src/UI/EffUI.fl
src/UI/EnvelopeUI.fl
src/UI/FilterUI.fl
src/UI/LFOUI.fl
src/UI/MasterMiscUI.fl
src/UI/MasterUI.fl
src/UI/MicrotonalUI.fl
src/UI/MidiLearnUI.fl
src/UI/MiscGui.cpp
src/UI/MiscGui.h
src/UI/OscilGenUI.fl
src/UI/PADnoteUI.fl
src/UI/ParametersUI.fl
src/UI/PartUI.fl
src/UI/PresetsUI.fl
src/UI/ResonanceUI.fl
src/UI/SUBnoteUI.fl
src/UI/Themes.h
src/UI/VectorUI.fl
src/UI/VirKeyboardUI.fl
src/UI/WidgetCheckButton.cpp
src/UI/WidgetCheckButton.h
src/UI/WidgetMWSlider.cpp
src/UI/WidgetMWSlider.h
src/UI/WidgetPDial.cpp
src/UI/WidgetPDial.h
src/UI/WidgetSpinner.cpp
src/UI/WidgetSpinner.h
src/UI/YoshiWin.cpp
src/UI/YoshiWin.h
src/globals.h
src/main.cpp
